target,features_1,features_2,features_3,features_4,features_5,features_6,features_7,features_8,features_9,features_10,features_11,features_12,features_13,features_14,features_15,features_16,features_17,features_18,features_19,features_20,features_21,features_22,features_23,features_24,features_25,features_26,features_27,features_28,features_29,features_30
1,0.317777591411741,-0.855570678498392,0.511636068674693,-0.186737344170273,0.61157029598063,0.317421034740992,0.0891919593173861,-0.648940050342491,0.00623198507686213,0.935577679576656,-0.737117211175927,-0.1786667638682,0.122874471426022,-0.882419294290668,0.136771237898558,1.26891373165086,1.0296411346741,1.82415062846977,-1.94022172886064,-1.23354604806011,-1.8407335493983,-2.36289867439988,0.0111692170999194,-0.60959554489432,1.61691534916809,0.484863014601402,-0.0460907578061452,0.0691882553947146,-0.557219533193633,-2.06481149479643
1,-0.666506263594619,-1.26366839233981,0.274722173527481,1.23401860558609,-0.616195995451287,-1.16057982714943,-0.482888651564082,-1.06762598381209,-0.0408008615074316,-0.201819952218827,0.851265978177329,-0.250085216706622,-1.90201474405857,-0.298820896149111,-0.165159035155961,1.26259956933999,1.35477810856091,-0.700710206487456,0.849576458928033,1.44482105103535,-0.590072699270826,0.110644282379742,-0.595089658534169,-0.527729456556136,0.704938579449417,0.548658605481628,0.752909066312231,0.995135764111136,1.15869722216436,1.09106876080515
0,1.71046635780906,2.32233177341404,1.64879162240308,1.95424566234976,0.69145138428821,1.51228563075347,0.922125207378557,1.52527596041593,1.3060311754678,0.340546660610918,-0.616442747038831,-0.697603840986144,-0.875844411210935,-1.84460245910974,-0.620820313856222,-2.54733693299964,-1.58161375854586,-0.598635187201368,-1.28341063202156,-0.666602441578988,-0.306790848512261,-0.774585769373319,-1.58468140499313,-1.64726299048665,-0.0379336149469998,0.109872453514816,0.321208742158884,0.397686071513638,0.691367101521422,0.331877761747576
1,0.00345503815884557,0.620809072173821,0.977303034770331,0.466838917847332,-0.312562133615184,-1.4968810159353,-1.52486192146816,-0.109053306750621,-0.390271252647896,0.737299143383191,0.294603359819073,0.280542061649253,0.185970941910494,0.853282844232246,-1.00326450148937,-1.28160920145848,-1.24294111723202,-0.166007814117752,0.175670473976994,0.312988205505986,0.890088122402794,-0.375992755055151,-0.307122239458218,-1.04591987684353,0.803307682634508,0.7440076426734,-0.318858448996441,0.60270270778445,0.999466392034153,-1.0625279678895
1,-0.639629691825043,-1.36550049069174,-0.795510711839311,-1.41948363436573,0.373510814046619,1.1676637491444,0.153646021842431,-0.557873986444682,0.611883587210665,1.20751070766009,2.21662543555951,1.89772429926406,0.519988149459374,1.44383307488125,-0.283702056315712,-0.907089451022932,-1.23508998536415,-0.527752910153951,1.89788148634563,-0.380655762783244,-2.80603048663099,-2.44284041124783,-0.409068868053245,-1.34120008692239,0.664433933792825,0.691202485272022,1.05125867196482,1.16366775242577,3.03854276225823,1.14128580301984
0,0.547570614264564,0.756097255318281,0.570007450185145,-0.00422137980726059,-0.981649712747777,-0.0102190645408959,-0.532187654110098,-1.14765070652804,0.73609883678613,0.283592078312712,0.662076657770067,1.34809155243423,0.848010257015763,-0.292737217193469,0.715966784407079,-1.75524928608235,-0.152364192422553,-0.591949798464628,-0.93029314259785,-1.95346090487245,-1.95004101917434,-1.50758389020355,-0.871633333120945,-0.5215013466165,0.23020977796117,-0.0921180297073164,0.322695228806274,-1.34282587172275,-2.07794514650908,-0.958899541369203
1,0.887474494256521,1.54426709946896,0.45064722771796,0.486029408609129,0.0797774518134692,0.961660653400972,0.771917195132258,-0.780394943775717,-1.49170626930661,-0.669233814142138,0.984763594008164,1.06484810969601,0.333637672335047,1.71631090368831,1.50059086778199,-0.332499099647376,0.592992948154344,2.62743493450967,-0.244135329194259,0.319660387695099,-1.43632542690718,-0.0631127444142471,-0.0921918925180567,-1.08563786715842,-1.30030571444521,-0.885029220632547,-0.242942631719451,-1.07366522703796,-1.09215065103691,-1.25426520276124
0,0.260100394403362,-0.198945897501168,-1.15971915577238,-1.13260641302861,0.432818242787486,0.127609797417936,0.413717600689343,0.122379343697824,0.73573458814374,0.629120355655785,1.7678167076487,1.41218216473447,1.09932351320379,2.21170753470193,0.877203874255938,0.185054349914898,0.0522887881832074,-0.154471416666347,0.333580089265457,0.967642165630545,0.424752199613026,0.290962178591591,-0.61979693887216,1.22856978027909,1.31310232809538,-0.51505498055262,-0.562546754809542,-0.0827826007806307,0.688195025261831,1.39705763784632
0,0.636690207674252,0.813392719598494,1.05507267932318,1.72543698953074,1.12222411555678,0.613982615452441,1.33869844463852,1.29452899976259,1.57311893777212,0.694744174445524,0.99610364677382,0.0570018834097828,1.05247170581779,1.05856608903697,0.54716155033693,0.57117126797497,0.340284019135601,0.0767896054989176,0.40531286237315,0.228023777492124,1.32151317727757,0.679293446393139,-0.0524345927630309,0.456858080782146,0.572640572536371,1.11679004509937,2.04473220610688,2.68185704334334,1.42172419376719,0.257719482414218
0,-0.137969845256525,-0.146436001473153,-0.671805560394681,0.477942656017471,0.984038768931574,0.936884271965895,0.246077386549358,0.380622003294189,-1.05931641109869,-0.649942340102145,-0.0241601210579037,0.125590293577311,0.256146670653097,-0.698250567224713,0.317547668940835,0.798279703031582,1.13942200859752,1.03247050849436,1.65805259501868,1.5273233211172,0.577915917538413,2.33132338338129,2.08157574206857,0.75249647425522,1.72799843841713,2.18599713847196,2.42285229704627,1.45837070809268,0.342179955070145,-0.480760975780834
1,0.668097827112361,-1.06441324669697,-0.827088549440931,-1.58034910866203,-0.169813574947159,0.0250249777475128,0.150191677887828,0.625674132244852,2.33084103141602,0.334750881677661,0.835524843765343,0.210325110890144,0.625667726442603,0.340315164250715,0.349782712222854,0.0261138176166328,-1.33892450184395,0.00976585263479822,0.0831691576683062,-0.561528109494935,0.0807698829512082,-0.72010520925693,0.821532110736337,0.1962544955846,1.61761182700648,4.27691238002342,0.626194004090596,0.203378064198856,1.79259846599991,0.731223256938021
1,0.885608887205343,-0.227966949866574,0.139105208464782,-0.617132754865691,1.39260684219269,1.82928312086587,-0.00362476015121195,0.220942130387464,0.404677249148485,1.56395530952263,0.723210093829545,0.758553066522814,-0.0993331383011579,1.43133549262208,1.20635075403687,1.12660058218823,0.35085830458705,-0.068436261533943,0.0555027737412693,1.78679821148702,0.216051856430883,-0.660685620469358,-0.388516459225527,-1.88938043391789,-0.930069038057763,-0.712436953859483,-1.30941425163913,-1.11137069334978,-0.722857650924786,0.231029005213579
1,-0.307948932013323,-0.355373044826467,-1.28192522742113,-0.554753927357728,-1.140005066118,0.652772408951474,0.616780328475867,-1.18152600666415,-0.233844021311029,-0.156708718591662,-1.11417787193723,-1.19315244432934,0.445328824973499,0.718062687253336,-0.0233921681428646,-1.60580596248065,-1.51276106252273,0.403947273682165,1.69329193445579,-0.217196029648004,0.0431607822867733,0.688645374453982,1.09257921447915,0.295900036017688,0.807531840867734,0.291482199362594,-1.50362554097399,-1.15969653120574,1.40375827230797,1.16404583090229
0,0.360849804239386,-0.210279852463075,-0.528313417237892,0.217935498584243,-0.370299763177825,0.246902310323858,0.754569185924485,0.255113156756629,0.5862528036603,0.171546882604553,-0.947007604249758,-0.963513089269849,-1.32455164545685,-0.118312467618119,-0.994591085202701,0.116638297869547,-0.515138714765634,-0.565255342286593,-0.0307468797971734,1.37433579725172,0.255269144231368,-0.318551205703117,-0.314082402733544,0.289300410395154,1.32641296775091,0.671087088600518,0.430216026315722,0.356483031983531,-0.703998312713031,0.291449726937724
1,0.476991055558781,-0.134798338229237,0.467096741326261,1.31269767906368,1.96211640564235,1.49099211129948,0.851004066694718,0.743253846746677,-0.013208316696288,-0.306464622564176,1.69525330171528,-0.706833805750054,1.05898238097437,1.10500725893271,1.29359070868714,-1.17984820450443,-0.12792811944632,0.342308891738533,-0.165574439361849,1.21220618073108,0.449640407181803,-0.126852740712947,0.169706787595304,-0.754935507167971,-0.819035623957868,-1.34685679666215,1.54981548523367,0.616985576542292,-1.15968022272481,-2.14586036151934
1,-2.03537407258514,-1.72460383293243,0.44524685905191,-1.24672915385165,-0.116895144064786,-2.09767801442439,-1.54396147731799,-1.03003486823214,0.722258095168359,0.404236993459486,1.80712307436084,0.819302850044062,-0.212745149389788,-0.507768523587445,0.0183928524911253,-1.13639989749059,0.947380083255868,-1.83990444835261,0.869769212899043,1.68612712973796,1.06156407812676,1.32675094381941,1.57928672687455,2.84288284578258,1.4121761540207,0.642860148188337,0.472989653249425,0.767471811516278,0.897522688939676,-0.248599537956523
0,-0.653159431848824,-1.00593130038988,-1.04220574165388,-1.12783100207635,-1.0715770799842,-1.87707507876872,-1.7853340556297,-1.98537117161268,-1.45162168650439,-1.00771045419602,-0.78541421987239,-0.0697841719427779,0.0990646505388903,-0.488807909727618,-1.40023381689615,-1.37933007908151,-1.68155217945108,-0.460595759434952,0.347989846640924,0.0823168967586264,-1.3014762271788,-1.09755512213246,-0.177191160581572,0.643159756400576,-0.705279256501022,-0.870495617292023,-0.578489003343792,-0.244995613126209,1.02404915008557,0.607618578762592
1,-0.974103768573163,-1.21154476972742,-0.848601974238879,-1.31112111291311,0.280701861927092,-0.611773083862282,0.0909851813389056,0.338432279569633,1.46557380613112,-0.0588718716444337,-1.41404056586394,0.307558678883635,0.250784272975093,-1.23183245065162,-2.49992255384824,-0.495374377623057,-1.41648303668664,-0.905554473107037,1.9554291621969,-0.693626725487154,-0.2627787459942,-1.7942553035869,1.03278542740641,0.517167942865531,-1.0310129104289,1.54160220599558,0.546284304337279,-0.63561645946645,0.658790374716495,2.02433340692106
0,0.894351647262201,1.45544813280084,-0.701793658070492,-0.0660757501728031,0.391864251573108,0.0143284583406958,0.503186688535357,0.359384722794866,-0.126405348020202,-0.00570062990533651,-0.21052973323317,1.77381061771695,1.65333900397078,0.515153580795773,-0.144809930706037,0.0327333542241027,0.395768716331333,0.407956121636344,0.838144895745686,0.844120851418503,0.963807343111513,2.12787207014562,2.29103446050362,1.13614277710588,0.786444745306093,0.721941264618651,0.159687254235692,-0.554850310447992,-0.0599134811239537,0.445225132785009
0,1.04038858547621,0.82937878845942,0.856319830481842,-0.176037963902669,-0.2150146983275,-0.00829777762069239,0.845020265500972,1.70205230533125,1.44418977270445,3.34679418618333,1.75493462921079,1.04403583273814,0.435581056499932,-0.28611632459882,0.575077479086543,0.803164480832944,0.467043933534845,0.315400709594509,0.910716683445817,0.933792090617557,-1.1730667187703,-1.02629821558986,-0.37819803716574,-0.945118261468125,-0.951062135385627,-0.131408493716,-0.234620985664522,-0.85409277410289,-0.699106981767027,-1.01638433850539
1,0.279377749989894,0.425062014711259,-0.00102098072814803,-0.212133231243196,-1.08068140892974,0.237756078638523,0.376906152660977,-0.631197642673287,0.860106907792616,1.33078936949939,0.620463235630112,-0.438055514955959,0.730340406514225,0.431248604457837,-0.278765614127607,-0.408436824692811,0.0672994801054248,1.3631797126316,-0.223684145997506,-0.654620984585984,0.499143494171888,2.30699184111303,0.00321874493751902,-1.00509708364083,-0.0649307281345098,-0.954017198421122,0.0738799684128626,0.744676632498873,-0.311878838031055,-0.409955236722945
1,0.147220500769456,-0.646884863261312,0.798423583301944,0.699663942530167,-0.821190820273397,-0.355334516748598,0.248742132539498,1.94850623366199,0.110128475780019,0.903272644044365,-0.291948312323665,-0.328683998764508,-2.72323469764266,1.19375130409031,1.74491472403109,0.335201442208486,-0.246206938854388,0.825312497348578,0.742743165252843,-2.3560102140893,-2.79249421704671,-1.13876586375516,-2.15213750682575,-1.31117381509766,-2.73572579306055,-0.351991126313896,0.760868522436229,1.25430333216615,-0.777249194150529,-1.14360016845373
1,-1.48575270483265,-1.01453737665894,0.18051818123295,0.161064165519403,-0.000544771533926421,0.827619711682106,0.726267921687418,0.458189953253133,0.218830479777369,0.566745891212472,0.770861342893105,-0.864218315024286,-0.522177012531924,0.163122726711407,0.399651227434889,-0.860264535427544,0.00828364576901725,1.09046127076093,1.32389833264077,-1.16798790297909,-1.74106857404645,-2.06334206510144,-0.872794943922497,-0.880428702244276,-0.247479392262818,-0.39920944985562,1.30936735664016,-0.548607478926615,1.10744615695515,-0.0909245063177023
0,1.79507962642193,-0.0351630454140415,0.138127960119847,-1.81730762305026,-0.765229727253592,-0.660373090659565,-0.145909193049765,-0.340552244929819,-0.15265819772847,1.87788938617099,1.07129736530527,0.806486757121332,-0.662703484110204,0.647835415989414,0.871278184327613,0.0103630906504093,0.590123705420648,1.54664514585083,1.46563429956905,0.699158403634536,-0.227302470282492,-1.12474464211069,-0.692859616041175,0.474239475092533,0.324273193273328,1.40905193286098,0.527225169045768,0.815850363070652,1.12211951804258,0.201474475359652
1,1.75192583754319,1.14477728007462,-0.057985154359201,0.148583090387989,-0.474339315417219,1.988864320414,-0.554463809265614,-1.44240449180598,-0.876805532029373,1.81452325996616,0.0328301228736329,0.70441916392564,0.796555848954324,-1.57185080537974,-0.164086848458404,-0.208117491687187,0.270537631255164,0.726723668113266,-0.893861577779075,-0.353226731069111,-0.669843608940948,-0.540775765668887,-1.06562546280792,0.000525067931703642,-1.27594902291553,-0.503630158576357,-0.27106242131788,1.21463240763895,-0.946382441756446,-0.420272995559089
0,1.07458136646717,0.670015965730142,0.678446992721074,0.634803398865453,0.273690127483528,-0.248566100203874,-0.432170399745217,-0.376201087532722,0.385175038599458,-0.450560958169571,1.16332905206431,0.77441048430215,0.51794797295829,0.849150683234217,0.498376947694143,-1.33080741571646,-2.03696710357102,-1.73227673886102,-0.737513988551042,-0.10671157981987,1.13272829543372,1.5254430792863,0.48041165267672,1.8153344240481,1.78026275768907,1.16691089776707,1.28636328417205,0.00855572393728474,0.845973261194227,0.167370778363867
1,-1.02880357243454,0.183663707306898,1.25923610111124,-0.635332995997894,0.600869258886014,-1.39408684128787,1.62492899244262,0.849280435365185,2.24637917166918,0.750388355330895,0.716259176940861,0.400765510097715,0.301503498426025,1.09309742693106,0.227343860095461,0.739764683972139,-0.356909837665727,0.206124846080159,0.500885109799188,-1.59644823923069,2.38365835848319,0.424301759262696,0.296053171932523,-1.40448498225088,1.43490795247461,-0.729734793950426,-0.533978107460752,-0.244175036156768,-0.544266203709897,-1.21355459973007
1,-0.177818010171813,0.872855667110803,0.836287106247455,0.703037298941235,0.983059005408462,1.24151838354632,1.47012858643591,1.45768692605036,0.239189465022387,0.144272600820046,-0.192315564274073,0.413436354905389,-0.610607943554407,-0.349493477007662,-0.295535717818444,2.86463150462432,0.331366007989041,0.517458996764846,-0.171163382972069,0.617986377013455,0.488505609449829,-0.511496077460211,-1.01626840812665,-0.770739682465182,-0.984174192539988,0.743631170626904,0.618123813830936,1.0785681227346,-0.0705777532990535,-0.802880740346689
1,-0.316822572384715,-1.34017954318601,0.198641615007634,0.825612029287029,0.596133146307187,0.107612976459291,1.11052572318624,-0.114300339753366,-0.443512442135955,-0.295330943183312,2.21564513331721,2.8480093517501,1.20478758256677,-1.02680584030284,-1.34212944688123,1.82513085858627,0.469790769883841,0.642628873702861,0.0787628249669606,-0.687799486862235,1.7270135744317,0.218479024659189,-0.677990246358522,-0.856803419010079,-0.87082907962407,0.777990630083129,1.63066649540018,0.362701489467804,0.00186603473643589,-0.0644878459011591
0,0.514035959820579,-0.435822803183256,0.210760945835039,0.697912141847376,2.09255074567605,1.4321202396668,0.669937499974525,0.702313864301724,0.691228194113851,1.12212625732142,1.08163949069655,0.260417738158369,0.118839609381187,0.0917654275309527,-0.431433750794313,-0.661000963396212,-0.717782437280408,-1.26303657842605,-0.453580731539637,0.271687781215334,0.585342351409571,1.43448586716335,1.44666770310929,2.73752094565286,1.66117577452638,2.5005023914711,1.06652242898092,-0.382317272177416,-0.0398159016423462,1.06501613223526
0,-0.289019239110971,0.476551063063237,1.13460338935243,1.38253177332956,0.37275567398906,0.174404718142159,0.288967352984041,0.659959931294171,1.79834121252306,0.643007816681149,-0.0180072274370891,0.421007583929115,0.131115210042197,0.374887552077816,-0.615421912708212,-0.885726475278588,-1.31468075657503,0.125095038524505,0.886418987083818,-0.148959092617703,-1.32479874794308,-0.942373599834892,1.25235868552628,0.84657243323247,0.389703882609571,0.319230901384274,0.249945943777872,0.936121087961948,-0.803097518237653,-0.147279809883197
0,-0.305810595844775,-0.534919290762562,-1.22220633060824,0.00196257915217034,0.729016235687746,0.76833365934462,-0.841775992412702,-0.407892746873376,0.865618327939037,0.550290623233301,-0.15365806580934,-0.20029031534565,-0.577677676851645,-0.0986137703914907,-0.0284711936500206,0.137789210301045,1.53578359944741,0.239005957234682,-0.369589984183956,0.789052660731516,0.864494204223508,1.12029466154777,1.21951827191401,1.41602347592671,2.05339324922956,0.589859434542239,0.865602975352212,2.79149361344475,2.46881429977744,0.852337638796704
0,1.08249122537393,1.00107001194925,1.48741246990883,1.07692507538533,0.933865634248855,0.902513189412262,1.84460353893519,2.14703359650357,1.36883101117935,1.04102775018654,1.47773783385623,2.13256304023109,1.57333471565039,1.1837365669561,1.4741483020931,-0.713416880977606,-0.297149588047813,-0.70420230637248,-0.931835820850424,-1.22307779433504,-1.08210394889275,-0.559409343353543,0.00418423592732586,0.06801619527667,0.720726764231676,1.05562337858061,0.256955345555031,0.387990031387512,0.158743080005515,0.0873121370613806
1,1.23820491824117,-1.31846451143923,-0.622356090920232,0.0281588080302974,-1.15977090952778,0.466402649230578,0.860392634102515,-1.12252667796626,1.58738151506845,1.02887374886505,1.91146749724861,-0.0718663084653863,-0.216910810552667,-0.275361524131378,-1.43090529053856,-1.11450715011009,0.963547282332353,-0.0684133939874843,-1.10768382008876,-0.597073948681339,-1.00133308847729,1.21097101523168,1.15352989430793,-0.246726951542229,-0.795672877882107,-1.08573899421982,0.373078278454201,-0.370457960413797,-0.529607755250933,0.242648258981693
1,0.403488412900163,-0.0458923033675621,-0.476701336885914,-0.753014376881656,-2.23112248020312,-0.478924630355123,-0.866984190801934,-0.318016372854376,0.425424787387749,1.5829949596058,0.0738779078954344,0.129187315571444,-0.171579196850286,0.579581607851053,0.146810920380863,0.448634333360862,1.02161873489282,-0.117088108344113,0.257466020914033,-0.437725875966071,-0.213878135356334,-0.412115837642125,2.42861688072329,0.241462783211852,1.48846059891726,-0.278532716661078,2.28014421420142,1.46732552759003,0.433522637336945,-0.455462819198546
0,-0.668116995487271,-1.06788890594252,-2.42163723144912,-1.94055053012231,-2.55029934742146,-1.83617790730769,-1.94418606022878,-1.18893367231693,-1.37523738540993,-0.833747091599678,-0.494422889169061,-0.0562560050387958,-0.551899129035405,0.377500893469361,-0.504416948480733,-0.289477785444941,0.838347248618664,-0.276112357665531,-1.4156461762801,-0.252360455145108,-1.79157864434368,-0.392631732804893,-1.20534533335289,-1.74218352526468,-2.03983333727869,-1.46880959307442,-1.88203566218493,-1.31208768630134,-0.459427891438996,0.219454983855078
0,1.26836601816714,1.12797966223133,0.822488761305888,0.203995798069746,1.02300611883274,0.973415424389849,-0.30224101338246,1.16281411659435,-0.801853526042559,0.0292734208835087,-0.798714776042827,-0.588478802204094,-0.461423212927436,1.94570449935034,1.24777498041304,1.50925036921868,0.792614351997529,-0.618246214385524,-0.69610032354439,-0.580822913578594,-0.250845955375132,-0.0865997024905587,-0.43095286098441,-0.44038959405557,0.023475279724466,-0.0845600405565786,-1.00545137066718,-0.0348745767519638,-0.0422094957597881,-1.06706583632985
1,-0.359388414798485,0.387227397141644,0.764348507764361,2.2494670278107,0.0179537071938012,1.08471032202706,-0.172125606094644,0.912649878876761,-0.205037555460581,-1.29352327607873,-0.744116221729055,-1.231861505307,-0.788426641933171,-1.38455694036117,-1.32316752030569,-0.0897486670724365,-0.915635030865709,-0.157758573185666,-1.12945392211599,0.912218817444713,0.773460800321922,-0.96753060481066,-0.107102949487598,-1.24562182235878,0.778796101438181,0.0249945727778818,-0.783407839956751,1.07642028838163,-0.116315249320336,-1.21590011632858
1,-1.354052517309,-0.799677382540038,1.98768730218274,2.86171036198009,0.202911737137103,1.76075293502323,2.1319061990874,0.235478117194116,0.27412751051036,-0.035130074998648,-0.63179745174791,0.406193089275642,-0.61850132294928,-1.73717700110407,-1.01335977507317,-0.546499518776131,-1.38858349168938,-0.0044147746872688,-0.318697432207354,0.239734797710313,-1.47258109300527,-0.962898979148496,-0.459314990230142,0.0443065057209697,-0.535558850797294,0.801323649021021,0.137784163682153,0.362669699862634,0.0926454013772094,0.361736423618581
1,-0.221886082901836,1.38658194714841,0.324730726211933,-0.85748245678881,0.366983528419756,-0.0523507829822575,-1.19318568334763,-1.01028566696356,-0.702327384376976,0.118608832116521,-2.08819955141998,-1.29540095703325,-0.931243252176161,-2.86839694305008,-0.226975721679514,-0.222548629604517,0.296560090745238,0.530126800930613,1.99911624645197,1.91153820438452,-0.963675147512573,1.26119453872627,1.83943710814198,-0.180780835552639,-0.492441893953336,0.0544552895227163,0.711055308633236,-0.593323177346022,0.997741938220768,-1.58525870624309
0,0.662211117570148,0.423531142470159,0.323910048913406,0.739333059058609,1.06442126491521,1.56765075324939,1.23561329631865,-0.301637180434659,-0.0760734846170646,0.625267503475703,0.29097560570765,-0.257866831502503,-0.597089267370324,-1.37121191369503,-0.942726827757751,0.201155361044029,0.930181719009102,0.771024576110216,1.75912287578247,1.58406310630372,1.47456482137889,-0.110097409603215,-0.745844722257657,-0.651491101452252,-0.774387652992998,0.029422934286374,0.166322774768631,-0.526076848579958,-0.0181629813833989,0.943038965706432
1,-0.849676254512237,0.237191370561949,-0.268468971126669,0.584135672232721,0.609924088334406,-0.146896706974842,0.35751856444061,-1.43583448710633,-0.916430461176319,-1.59470288782028,-0.639413468803439,-2.58606521294681,-1.34571243805087,1.43299452183068,0.892666497121274,0.287832106711663,0.793753761650638,-0.443089415892993,-0.562850745512087,-0.454063456907777,1.40622726744053,0.433019899054112,1.38292309878137,-0.790611607541034,0.695171251113187,-0.458237375973343,0.0844791562687376,-0.852798243586133,-1.42155875687391,-1.08906671237663
1,-0.799526714271792,-0.891322072023757,-1.50444867841491,0.302820024426198,1.27998607037538,-1.51270124212705,-0.580507872768958,-1.3399087300895,-0.387182264099586,-0.569375904399008,-0.23433219954736,-0.0546089617752876,0.74487390213876,0.544726218781411,1.15938195444617,-0.141540576266329,-0.176976602386187,0.867082711237959,0.211502843499078,-0.901557226387261,0.0303771360935434,-0.371355383317669,-0.58759919916071,-0.55759633641383,-0.591268007565945,-1.87991570810695,-0.610181247757997,0.412393792846652,-0.635643867140329,1.0888530182495
1,-0.726054225190761,-0.465589656084702,0.967574180695093,0.186800878043797,2.14123988185736,0.136137906710322,1.11151043026395,0.134769741912448,0.692655683400353,-1.11578161332553,0.12211075296944,0.0395565552982626,-1.80459326853252,-0.81808982146546,-0.0937697726450488,0.204961963504911,0.349179772055657,0.140595634840969,0.272872886854945,0.960099926774169,0.241170270602023,-0.742040252964489,-0.389960450554305,0.965661982390702,0.950362242933792,1.0322758932417,0.178054720565486,0.725382992281402,-0.88092730471016,-0.344284185801552
1,1.89136525218831,1.20638662745902,-0.596810386026776,-1.43923139167783,-0.814901125229663,-0.36773971699529,-0.0514747716667657,-1.61372437590513,0.192470084111398,1.00975027560112,-0.400245122157768,0.101351264206887,-0.927854807357838,-1.18701872353371,-0.355084111293884,-1.61594333972614,-1.89604785987826,0.606178202448619,-0.182732861623574,-0.253436776533428,0.443211149703538,0.629309781703141,-0.73087181235971,-0.943163796614882,-0.781595575646749,0.110002687878972,0.419620397146636,0.902570590710275,0.840187505549612,-0.968114772513331
1,-0.925543146292056,-2.18099537903999,-2.53295190491483,-0.372117623254766,0.0930378666708282,0.273347466563913,0.248493279350093,1.15394277404727,0.108715353664956,1.29545493834569,1.94622736267962,1.45700143136193,0.408113920855603,1.27073491805162,-0.0619391692156861,0.688283816945251,0.330195544073583,-1.24726516013935,0.394487782539239,0.626880711196232,1.10244357328225,1.26375242286409,0.909562920877652,-0.241779658512423,-1.25732740994998,0.375227637741078,0.905964825904627,0.592845231062974,0.164561232013207,0.314117986608402
0,0.624842617166061,1.23314728271725,-0.253643781490037,0.433885282787453,0.72076714449797,1.0904765330939,-0.129868192282441,-1.71893315756108,-1.06584711642074,0.325269910500001,1.01953867208326,0.200419604519,0.276115678992691,0.427615849152226,0.226197848104584,0.0669384921359343,0.336252586832326,1.58231285626156,0.486969171605977,-0.434102916585709,-0.623741218162575,-0.819915343619417,-0.311811102847473,-0.333061028852998,0.277263615137428,0.66566087308157,0.933304605830481,1.08974524982412,0.482329658288586,0.351216703010699
0,0.574693254935249,-0.215676482661776,-0.0232960424329164,0.284594182770237,-0.854853700667382,1.115687517496,1.65559712066924,1.2509138021348,1.10687948417992,2.00828397607766,1.37122822409687,0.882911674972796,1.08720906223696,0.438745328019634,1.23828645020765,1.39327165492165,0.565730615976156,0.280937770360907,-0.194656615889991,0.871104231650031,0.732547553943668,0.522345422888558,0.417895755380363,1.38430339858134,1.94023298599271,0.613231025818472,-0.513669385753209,0.729722966759329,-0.306449200700753,-0.134756765423202
0,0.124678753015121,-0.31558770963418,0.174573896477804,1.09079373841039,1.49991243491618,0.431530137983578,1.04378818480217,0.894284191648746,1.23336285035063,1.21241823517584,0.349757861452047,0.131023666837307,-0.073765489861728,0.685011790878142,-0.288981100367149,-1.21194132777283,-1.5424933754656,-0.334704680312821,-1.0046342370941,-0.811440045523668,0.503418949034905,0.279318448153991,0.469467087180017,0.193626484442785,1.1568675128905,0.538625015363161,0.722438864485844,-0.178438463478288,-0.563381232867157,0.795108844695547
1,0.355846210984401,0.666798658015427,0.169715018487407,0.11199325917147,0.729272080745365,1.27025572675223,0.497323355799115,-0.242265520331355,1.20109223359849,1.06044335255508,-0.224376016374562,-0.672476244428113,-1.16614467094575,-0.21745039067222,-1.56859943520247,0.495340600332905,0.675495334996306,1.2658404218888,0.298430673525064,-1.38624905436969,-0.295817305978557,-1.26767675114029,0.176160211578836,1.48510222897157,0.0861514912680856,0.705981117795433,-0.0151538087487716,0.2492650404239,0.781535150254573,-0.468804855058925
1,1.21575395824597,0.97683298851415,0.423314422181759,0.905525500764797,1.00347638176385,-1.00223751455771,-1.07677738763601,0.410722858667189,0.0378294756367733,-0.866455968371708,-0.874750248722978,-1.03891094770883,1.10527185864674,1.09018343646625,0.0488031603969535,0.340162296857525,0.407731970353714,0.870360023087988,0.472233802424897,1.40591236371528,-0.0904863055795272,2.76471068581103,0.419648185948322,1.34121009624285,2.08551043664052,-0.213022196099282,-1.42869130854436,0.112632357984593,-1.00904056080789,0.517729884149618
0,-0.532227879124066,0.191196028710789,-0.238294546875098,-0.442584502720535,-1.44850655453104,-1.7604307060484,-0.635176664816836,-0.622598901850517,-0.906015097863326,-0.50188694807128,-0.559057916298513,-0.188670407247579,0.120666518716525,1.32972868404055,0.291829776033974,-1.12145181981341,-0.564246552634728,-0.379520669482305,-0.476866010679611,-0.574876178878474,-0.908345981186391,-0.498855444274635,-1.06303408013451,-0.366051213689528,-1.18890807457992,-0.830440396433957,-1.4390892474813,-2.08845395589601,-1.10631082594301,-0.938834378433133
1,3.25691474456721,0.340810070497423,-0.0444139224324902,-2.11027965023562,0.430441343804542,1.39712083528361,-0.644120580180168,1.91710973472465,2.63587829003162,-0.672285815667697,-0.910503675854975,0.24548420477978,-0.983393358576361,1.28276866698571,1.2068062970254,-0.237647754673208,-0.880202600231938,-1.56811061396094,-0.681702395813524,-0.871991415398226,-1.21361690035781,-0.825550866533307,-1.88238197976069,0.0192661122836139,0.73884736299426,2.03276629089861,0.615569575954416,-0.24871819714158,-1.8146091752897,1.45771075372038
1,0.590743016431572,-0.0326881358875465,-0.196174908232334,-0.853094958274095,-0.130894481401517,-0.737479553134,0.0614840183447094,-0.991565505209309,-0.768674659589619,0.944710154519746,1.33504554757551,0.762320007509791,0.805368109633991,1.64901527176031,-0.732492065015936,1.46790639588827,1.37117179784837,-0.0250807362618168,-0.332093054039978,-0.604811184550025,-0.785561144883296,1.27434532818669,1.1979546251362,-0.986513380975856,-0.53642239344309,1.41241966909101,1.25507827548214,0.383470113341448,-0.121383292281689,0.578427415559369
1,1.2297045029553,1.65775505463596,0.445536386263142,-0.12700269701834,0.753534755531078,-1.74675836163098,-0.75320071701289,0.0472668647663417,1.22174841592277,0.462450332214312,1.32693840241451,0.456892450628623,0.339555849390061,-0.16966419020949,-1.11346686974261,0.151337073418615,0.09591987483835,0.121735908208716,-0.138105470134073,0.449398723384033,1.16014937721677,-0.465316863541825,-0.479929004740882,0.523857853380081,0.267703327006332,-0.346898687260071,-0.360901327423703,-1.28877990802538,-0.254066296823773,0.393214342985072
0,0.316690984544317,-0.394082004847463,-0.847945000719506,-0.551951261789599,-0.107515717295901,-0.0457586214790399,-0.407020840143317,-0.419294053536288,-0.377803263848885,-0.243054355079527,-0.415138494606881,-0.0261636696115609,0.442124184691467,0.292200426168911,0.819482220806536,1.40954191561158,0.745333915971787,0.940238004294481,1.04263460006203,0.0805593572587189,-1.2684450267851,-1.33690049550219,-1.32529576150004,-0.787814840050403,-1.80839027102949,-2.37707417533488,-0.767047382536291,-0.364063750746194,0.951312275367169,0.951689407178409
0,0.187420789319211,0.431532243563401,-0.329632625067531,-0.877589530114364,-1.56689749443489,-1.02251082230552,-0.117717502806453,0.248362658309359,0.594840211712663,0.711735803020081,0.434134673335217,0.0819088965618265,-0.176149557950857,-0.299590873136235,0.497261114804321,-0.190949927123163,-0.0653274976382832,-0.312575829022342,-0.300095328578271,-0.108519534726105,-0.702555396825758,-1.72345189259294,-1.23938054407357,-1.26786864637912,0.261536656724914,0.805224895140451,0.0185820214602444,0.210844614852262,-0.833365579986391,-0.395376871089542
1,1.57380485876338,0.646483204218869,-1.93735651423807,-1.93267917936042,0.10978971500895,1.42089497135479,-0.0596385912514611,0.94729770503975,-0.46944683214175,-1.10067090276448,-1.69350682182393,-1.17859701340575,-0.000340319745685784,0.269930278056212,-1.23264926232507,0.14157274669256,0.803731622599677,0.325362648764944,-0.115301932696043,0.395232061678246,-0.686159236994412,-0.983752560604264,0.857334631880359,1.78144737828705,1.20861658487978,0.661073474307242,1.63538220864309,0.630728556650033,-0.0364565621644683,0.499493295390027
1,-1.09861541859156,0.962343680738906,-0.286892154733527,-0.837377190189418,-0.549709759787106,0.155533374632171,-0.483117424949396,-0.656526001171207,-0.411819405165199,0.735573503454699,-0.183936851142846,1.88108259826265,-0.336706748651212,0.85242412708519,1.29308198445927,0.627777546404423,0.181431938852046,0.738349379884125,1.3532286464416,0.0025998416773194,0.298694609305398,0.0684885427335126,0.835144356934626,1.04508085079347,2.06030370867281,0.55628847419088,-0.422905802673334,-0.156811377410684,-1.03713980225354,-2.50105213265254
0,-1.18529007948555,-0.89480490411639,-0.611316301474548,-0.728364003666863,0.155770182668138,-0.220559810744621,-0.220348743893182,-2.28110366580441,-2.75393950903479,-2.38880880627066,-1.33337223935912,-1.44172943108227,-2.05614999784386,-1.78418152981291,-0.79415863902147,-0.549035629286519,-0.746181659454269,0.400838284514835,-0.194664199537922,-1.53193649000586,-1.25099806947983,0.334532551463466,0.815258516809481,0.930163866183204,1.44958677095449,0.770552464762243,1.30952446041851,1.38654488901999,0.966930017302664,2.2924030078911
0,-0.865810100350279,-0.693152316305055,-0.315090298660653,-0.369864186130538,0.954685196512932,0.593082783646556,1.47455254903787,0.965229923261294,1.43431603635388,1.04965034408179,0.413585162339145,0.398160576708888,0.51443194480684,0.666243312398329,0.561041844998569,-1.49440454595717,-0.823211003273873,-1.5379070488368,-1.40555384943985,-1.32459562542182,-1.00130784260734,-0.761594659682543,-0.109850225843308,-1.10885353864516,-0.238624383611126,0.5076694896736,0.704860641894096,0.421282088237605,-0.753827850206545,0.0317881651305448
0,-0.126724655211884,-0.142641905901575,0.017587293279419,0.711266534193002,0.00332266456714036,0.319598389889756,-0.0717339809996531,0.113414168836533,-0.73463909376623,0.36724984528059,0.674714863652391,1.11070864196841,1.89238678185757,1.55900355163117,1.60715144300206,1.05773798879289,0.837107504592014,0.46223073551621,0.232253241976197,0.0428677187736892,-0.700718550401626,-0.166942254762863,1.55646697710152,0.925546261248445,1.30574697249507,2.32281893785348,1.72370463403268,1.0351325738702,1.11702577355388,0.69783768326864
0,0.57640593022717,-0.157488444450136,-1.06529441946739,-1.17072437809453,-0.544341379207075,0.0572880553000896,0.0236289539428923,-0.0391310425304594,-0.541665752909736,-2.19123791626061,-1.28253145540283,-0.195325644293947,1.02924441451804,0.147202458105556,0.0707177422676317,1.13632752108771,1.53105797791712,-0.712376712146058,-0.317917369783884,0.107186825254203,-0.345677801072558,0.432825617892089,1.44004899126386,0.860284976441917,0.137203778358674,-0.405727773089528,-0.725642905104875,-0.279371766357258,-0.707523243951048,-0.0270959686908619
1,0.535081777403283,-0.0190848183900529,1.72070195034907,0.352008343311222,0.02786036082417,0.0210912970159672,-0.0569226162913096,0.253924593572594,-1.22836082190062,-1.29330178331254,1.99972282890125,1.33528481812668,1.40139543845,0.200356117497326,0.842205652192253,-0.807817566780101,0.885442436323792,1.00160070424617,-0.84570439655909,1.51042100190312,0.241912412927049,-1.02211598485277,-0.0742558982023723,-0.592185331436754,-1.51084919119294,-0.325578636681553,-0.424770264507427,-0.302269012290434,0.955935137070929,-0.189426637401447
0,-0.197763252915895,0.63820870471114,2.06780857536803,2.25503834973629,0.975487494712081,1.00044587643868,0.804405724660289,-0.408655089722151,1.29233594279358,-0.0191935461905477,-0.961202850896079,-1.68149071261514,-1.0992921008264,-0.88993922091053,-1.23036728066804,-1.27563005048486,-1.14238634262351,-0.179822676674168,0.154497050233732,0.376661983310761,0.744689817164,-1.35178705583308,0.603130226983643,0.515191663544529,0.50573549068342,0.958500020907353,0.287198906737543,1.34469599257264,1.04498394369538,-0.156223941165021
0,0.882518862176453,0.835731200720927,0.491387958040404,0.0950898444261223,-0.440794332359166,-0.491033494489914,0.214688975695429,0.319472861968056,0.736049804367692,1.09962326500328,1.30523893902228,1.82024973927005,1.93695845426251,0.637509336686208,1.37222877273129,-0.326135816252461,-0.398957601908569,-0.494876769875703,-0.776526790020889,0.076135505180887,0.910107541497727,1.06876171148906,0.843643699476056,0.0152562690391332,0.507842210132551,0.643853551723753,0.646559429208711,0.442142991757593,0.733953398505532,0.903224384604583
1,-1.7949095436955,0.0662757472728415,-0.420093004008094,0.538285186393209,0.0683352784081891,-0.00523386918102921,0.134473285311771,-0.887720191171065,-0.253434517119426,-0.325386248150154,-1.23548008905315,-0.639915580218592,-0.00341881152200725,0.365870896303249,-1.40391107292192,1.07648623137146,1.6214251439661,-0.55705852953861,0.879786646158784,-1.38928401756026,-0.731802317106067,0.186121710028897,0.898731388870945,0.270330114657581,-0.886777119605638,-1.15938168319877,-0.808270737457018,0.944804807184574,-1.06315288502024,-2.54508846500403
0,1.20959554789136,0.440396994737874,0.448488591204841,0.605210824305221,0.0121144135366221,-0.0500636544896214,1.01916756105059,0.0303738596521232,-1.53730504991521,-0.215203142377327,-1.46099047802014,-0.977843484608335,-1.5709054799979,-2.0147235751861,-2.51103393747541,-1.14241650921175,-1.07886043651946,-1.02299237805751,-0.312896969768032,-0.24529738374584,-0.387259322861661,0.397900290379406,-0.694143458644657,-0.0986101945689767,-0.28984682232415,0.777780622733847,-0.303363122012999,0.455743402301264,-0.345423828038879,-0.161822092374442
1,0.324191779479259,0.0120264033283852,-1.30857804908746,-1.46689184289929,-0.664999676918379,-1.39824516607527,-0.647583561174046,0.046225362769669,-0.931932091090042,0.44612401494022,1.62629341649762,-0.109550294439996,-0.218098695346415,0.81339101992751,-1.47275765174512,0.493790213440836,0.354402296601342,-0.0468892351854587,-0.782912054403343,0.745046985060445,0.569266251675244,-0.32358307708511,-2.49910978916317,-0.924743986613042,0.967166618420539,0.7360315426172,-0.511402962396666,-0.272436881613789,0.496085540301963,-1.6432966088361
1,-1.36695947022328,-1.70664028721965,0.211994464981391,-1.15427954744111,0.0205381365851599,-0.0276485797263652,1.72726276013807,-0.973534942380918,0.133412301142998,-0.356154963750853,0.541132236968741,-0.422872349021169,0.934258532528744,0.977578826056343,0.358152338725571,-0.0585481464107719,0.781921827169161,-0.115330311351574,0.443164176314135,-1.46826811079367,-0.571386008695979,-0.903921359687457,0.571367832931854,0.398717032835787,0.636035361562634,0.172763918119362,0.531168266777077,0.717340977796688,-0.882421692732791,-2.24420211810498
0,0.362274400958316,-0.00562749352494693,-0.377645268336164,-0.10202581188493,-0.660843036319351,-0.925395029306488,-1.46431119629045,-1.98993460136639,-0.735833060812101,0.375370729534955,-1.374525764254,-1.35198416426904,-1.77942268916761,-1.36479305303255,-0.575180356218663,0.1550848107419,-1.55443593880285,-0.211758342317206,0.206958969662006,-0.383791493197166,-1.18690189884041,-0.0592598134809987,0.195208456379477,0.482101366351202,0.16617217180611,0.973582768462548,1.01226297832863,0.884320320385974,1.76220863022762,2.00542628165763
1,2.88364684629683,0.243595272447748,0.750763723196777,0.139528325262789,1.10209858818713,-1.02318903135577,-1.08887045420492,-0.407558180875293,1.40415906562606,0.523884759744168,1.30404454206227,1.26236073558087,0.374717125995267,-0.622241822225683,-1.71631268725748,-1.11611256281521,-0.259720122628354,0.724424437068999,-0.471709770026952,0.526548408120383,-0.745287160518595,-1.65929112369609,-1.74348275942618,0.71850883815597,-0.723498571342901,-1.7832635558649,0.0483562350394895,-0.917652612119417,-0.886358525771263,-0.186822333463943
0,-0.893123458887023,0.121533860323862,-0.250052160247867,-0.660290749149486,-0.226148428656726,-0.341557470729073,-0.037405810626733,0.939419560016563,0.998535805507803,0.515437917568363,0.204891411939829,0.354003158768256,0.308621021469294,0.568302472925041,0.366896980188995,-0.513680692121534,0.300338548938935,-0.347120079526751,-1.42808048083505,-0.794912011212607,-1.32880546473904,-0.188106948438272,-0.142908528964731,0.0996414141249256,-0.118539091313573,0.961034464354537,0.517021564543569,0.342661763105224,0.277125158213414,0.752847816231065
1,-0.704250989374824,-0.958863526838591,-0.853159527732326,-2.14292727508609,-1.45222723876232,-1.67657912627582,-0.733574323941053,0.631988228892293,-0.840655697761587,0.0871449552647715,-0.471148065454079,-0.901454388037286,-2.19616903509144,-1.77020491948168,-0.0397416412975493,1.43645022531448,2.38505132682234,0.343226753300952,0.0152364574862886,1.12198395936119,1.88642563628096,0.211788366408102,-0.816024753321933,-0.782118724677863,-1.15585007822327,-1.64231685534411,-0.199908420319795,0.578207783753213,0.366617320978823,0.596760212486863
1,1.15400608690083,1.10539446619953,-0.220272110860725,-1.47991366434663,0.762317438466611,-0.208115828158567,-1.10120848752464,-1.23983061077699,-1.45908514463056,-0.136763148245322,-1.04083016971114,-1.30607126990231,-1.26097602415377,0.109381145313969,-1.24918466457392,0.797525545483776,-0.400601318551898,0.85540487208177,-0.231124460339985,1.47832987549555,0.79218019867677,-2.15937264124581,-0.51324657285468,-1.51435476774929,-0.0460606577552708,-2.07710785624941,-1.15998609723856,-0.908215040819519,0.228944957528696,-0.580713759927623
0,1.53224648480175,0.526988658551568,1.14641948587966,0.701649284008913,-0.156135243728919,-1.81372851899359,-0.87573291946919,-0.857002919453849,-0.945465291453477,-0.764560135792235,-0.104932391365266,-0.445634518521781,-1.00848010490646,-0.589183796154911,-1.41987923076133,-0.205393762866709,-1.04739793930053,-0.262341719778155,-0.189411516550535,-0.846811548155524,-0.158336393861356,0.52287352471679,-0.0864525299501715,-1.13520956122709,-0.220079798579522,0.437154191424133,0.552459035098015,0.846696380138929,1.53290626546354,1.69856016863341
1,-0.012262666094695,-1.45344626136076,-0.159623237287365,0.0357034002814971,1.15744907949785,1.10342202931368,0.778436095363295,0.626690629370668,0.284841828011535,-0.316463505258532,-0.472819625702335,-0.271154156769178,-1.0376976825295,-1.24632331607169,-0.244690904635027,0.247549139292149,0.925056651782125,-0.895888698269338,1.12752260461211,-0.782689992567426,-0.682603132067173,-0.0162694785187037,0.638960616229411,0.383571020215047,-1.37298347919782,-0.594654802920449,0.369072721973688,0.532378651207352,0.304764394766471,-0.692385017942895
1,2.03818322566078,0.376981465114617,-0.460346863434596,1.22801747270204,0.030606468338208,-0.129662934829469,0.418362645850473,0.701019776764118,-1.39690252406973,-0.608967718253089,-0.474755358330884,0.298277372575242,0.851113619776029,0.654540342292601,-0.224179490520649,-0.628967906429689,1.27661918913282,-0.484927808030478,0.785501440014552,1.7448765699196,-0.850808613468785,-0.284816290988492,0.453697612600278,0.142763104992322,0.28123227412622,-0.595494016859939,-0.684772635153556,1.15294188016137,0.541856646536021,-0.402182172801054
0,-1.11357266381628,-0.742135880249973,-0.8866947743593,0.0126658322896383,-0.694653112422977,-0.271845502426601,1.17034248523042,0.868528745991186,-0.26044059176029,-1.2383476666136,-2.20633565765627,-1.95185189827543,-2.32613801069865,-2.46858691453167,-1.63644524368796,-0.17659108296655,0.256427318488887,-0.399814710958262,-0.185684743229321,0.641614273508219,-0.570273314005426,-0.313385803189808,0.0789994612143182,1.55441245986498,0.616948951268755,0.924545905631256,1.05440689000923,-0.110566058544318,0.103172124125662,0.434872649772621
0,0.154747356302568,1.28554436105036,1.453023244314,1.81632791749416,0.716359429953542,0.843065371254892,1.01934236037343,1.36282415368246,1.71605839236454,1.41739929333199,1.52430701375217,1.53244070637682,0.990380287742159,0.52943870783852,0.180554638041466,-0.797058439522181,-1.889788759268,-1.48954545792024,-1.05618136420806,-0.721937418746114,-0.573254227716696,-1.69105611835839,-0.693498031054937,-0.203860519014885,-1.08211875248309,-0.682210806062725,-0.867000132480874,-0.337942827430141,-0.393121221980951,0.525165822406206
1,-0.442494647656468,-1.47892402525671,0.711329322697192,-0.892174800019595,-0.570563697850658,-0.494891081422793,0.0575142982115043,0.0111610831048915,-0.713934434264602,-1.9098193942041,-0.361523731843996,-0.303131347347582,-0.799098441737635,0.556332292906922,-0.00827725319201954,-1.00204958063186,0.45772450674475,-0.399341394054789,1.79404364535449,1.29003283745319,-1.95643381466174,-1.11858222756101,0.263336844782808,1.99769434117741,-0.00259626713169754,-1.72257897546779,-1.66742265446933,-0.843151986815847,-0.329865233534602,-1.21698047913122
0,-1.74890828449905,-0.695151346332349,0.471332611454263,-0.140858095244974,0.262486620331767,-0.582872310401968,0.781133367958605,0.152080001194858,-0.483630043383245,0.56031966878125,1.39389574755529,1.47793538587659,0.965849551098704,0.83814635141254,1.61420177985923,-0.0302839456816361,1.04112297354121,-0.593085528800291,-0.362912037609587,-0.214889066539547,-1.50523961924054,-1.31231034786676,0.149021868152228,-0.471738208342575,-1.91939817672545,-1.34785675236365,-2.09425499137598,-1.94198201114841,-0.869514680634269,-0.14846651632857
0,1.25757112912131,0.639238386177478,1.18301521597022,0.96202776922592,0.672708261370749,0.308990256341566,0.581543280982731,0.207123921521484,-0.0174493905025212,-0.159148719848032,-0.0470277150942836,-1.5426005579865,0.399218532291895,0.814432098611582,0.429010388918726,1.42744567372545,-0.154930138043921,0.0221345002012878,0.790310380838202,1.19414048226688,1.00775257832331,1.27411831039197,0.240704944285898,0.781872266909573,-0.250581830657711,-0.32118986979858,-0.631558844678341,-0.431085712121272,-0.356519115987182,-0.254728968965652
0,1.62238533664471,1.01488414435358,0.441061932431466,-0.25874774328618,-0.606807176868523,-0.620381569090386,0.630602312985844,2.04969271659332,1.61496489376458,1.50815959056574,0.142891707008771,0.293984085281068,0.653187376448092,0.085576215966068,0.192702754060195,1.04011607502782,0.667239936738857,-0.0872015604868913,-0.234604505732794,-0.923529789562524,-1.04995286736822,-1.1013030836041,-0.234985699807652,0.123415743277721,0.759935561303398,-0.385903670002992,-0.669263904338026,-0.0497528912903274,0.588269303238584,1.09105322987738
1,-0.836756004780683,-1.60105895889688,-0.731790725299966,0.356891423423385,0.919696722101804,-0.753255218366289,0.24889513947722,-0.416731929378978,1.42299732668727,-0.133675351712327,0.766362492012582,-0.427663134551627,-0.126182885715413,0.869981028953068,0.326522025646806,0.816478170276239,1.4325138301928,2.20767597939835,-0.065800597320254,-0.0802221808387293,0.420145361855456,-0.876256748828169,-0.546325835421585,-1.47398467730019,-1.10120010218402,-0.732373623117465,0.8613667468001,0.597507012231339,-0.136732849850911,-1.91136559917884
1,-0.818406388381811,-0.475079036230755,0.158513761567374,1.22260440481175,-0.0723256403474721,-0.59967422148665,0.427862141716124,0.155784484695045,2.1642568272149,0.668951696082391,0.718336312110872,0.174528244395979,0.0593757666669902,0.986158667013432,-0.252468939382572,-0.0220089823180021,-0.845535313314977,0.2840414418385,-0.592090539313803,-0.175820829716552,-0.289946410304692,-1.48980698351721,-1.11390906718124,0.75471802990404,1.0729512712194,-0.127009327898905,-1.03232792982987,-0.968366788439431,-2.51572215584816,0.687962125708939
1,0.672445252109687,0.129586464175467,0.217497374366864,-1.70395032597393,1.3442368456667,1.27546579251943,-0.588115370986858,-1.72336147117713,0.586080454557873,0.35075928540701,-0.446843380072584,0.237823194153394,0.731229323932239,0.543684325871624,-1.37271768571616,-0.895316301661698,2.46422795605305,0.644648092174334,0.582158232577058,0.462377580099861,-1.32771239706609,-0.589244079167388,-0.624131674453453,-1.30637203026697,-0.746396615279527,0.523274723363467,0.171530690944607,0.34106903484652,0.200687410967955,1.10830472568353
0,0.958105471031685,0.254254800310242,-0.851256624784364,-0.998232931523728,-1.41546019937406,-2.38629198509923,-0.475005215161122,-0.496384071460203,0.560758843568649,1.41025674806733,-0.111115458582788,-0.275569895460259,-0.568131432941438,0.014841551766252,0.176968512764977,1.56008750605995,1.4509763549843,0.525136860629025,-0.496135917988346,-0.280408704433471,-0.561858761596503,-2.53591640013413,-2.18248298732241,-2.59725248484767,-1.59972270022201,-1.62600204137267,-2.24740512037105,-1.60364627032458,-0.889587500403118,-1.17457197746855
0,-0.440305026620562,1.25765438206951,1.37715948592633,2.79954935174703,3.02495668063667,2.86795237699978,1.7430183935752,1.97856262401093,0.873142950794193,0.340047299200854,-0.357027570788225,-0.981408093947535,-1.28889964736763,-1.48388550723537,-0.723668474328115,-1.3023317165625,-1.32795354940535,-0.0459010820985664,0.148312457280209,1.7078703654184,0.86502860163808,1.26692493774605,1.58580694103183,2.0929485735742,1.85287614004195,1.24544031168925,0.0127508337020077,-0.491331647590628,-0.496064916146332,-1.75070123651518
1,-1.42661863741213,-0.521303991125559,-0.672743911155935,0.569700877118195,-1.2510532191587,-0.24349422769645,-0.173206399343283,-1.0306266410719,-0.552020663585199,0.506749720792662,0.875130154539979,0.789473760674788,1.19651561131563,0.062386884933393,0.41013859640316,1.38160156133815,0.818554163704277,0.772106476635951,0.946244235050717,-1.57616358771096,-0.555219747916138,-0.17563774229814,-0.625931802998,0.928555786326121,-1.70981716535733,0.0950477421263623,0.545735850556091,1.67389134822654,1.54129272080317,0.883937945594709
0,0.33469471954794,1.55431777465984,1.94213302591799,1.52327861801792,1.90874462872344,0.335737828498018,0.207473385655983,0.154006895132578,-0.490005681964995,-0.575692396141508,1.01160056591532,-0.838066678437033,-0.120651535177065,-0.972162170974745,-0.721295594818385,-0.325340484192685,0.13454742232433,0.657960329375755,-0.625635784486853,-1.160373094085,-0.320756286091241,1.19203407195211,-0.84261126190812,-1.06012233006457,0.0477133139768467,-0.200463945324165,-0.506775564925186,-0.735984131719364,-1.74803859369661,-1.10420419223038
0,2.1726030381463,1.16020877148321,1.77612733791467,1.02229947111774,-0.314981630320382,0.811860040477859,0.469314783627354,0.108375980796704,0.453604314282063,0.134868644742375,0.676610602524006,1.17543850610443,1.21198466330332,0.635847329529295,-0.182516735365449,0.0726653929902212,1.15730294174396,0.558304357935719,0.610723269710151,0.747115247964633,-0.0175218923731554,0.410033603365744,0.361481564223373,-0.404059618264694,0.635013705743411,1.14137329312016,0.542515141779026,-0.0585593410899593,1.64412156962024,0.677870126319027
0,0.488839669038581,1.06290747891407,1.36926885168768,1.35125678729086,0.669762533821984,0.497745962627302,1.74709024928342,1.86477179654491,0.839664543630293,0.899788571538555,1.59882837754447,0.986720027688701,1.45508076188004,-0.621976514761288,-0.300646692627715,0.0770537418489575,-0.611085915993448,-1.12261187032938,-0.369198463108669,-0.621898624974381,-1.28673808329482,-1.14060886777278,-0.637848644198765,-0.573402672627605,-0.223004701223459,-0.0216701651535573,-0.207166044753388,-0.367341965140983,-1.11862410610808,-0.735421245815827
1,-0.978180074836283,0.682999132294815,0.510486174182941,0.806321545664594,-0.767774057955696,0.146780013894555,0.588399171504954,0.715601438142702,0.256941944276476,1.39717157525871,1.02208735276842,1.03247666653887,-0.647154715163584,-1.7317004625272,-0.855106058945198,0.0697795561849856,0.407888788309801,-0.269689503245009,0.35888981288641,0.135023893728285,0.119328652389549,-2.49092148999516,-3.39900285717142,-1.10354661355261,-1.34654170577569,-0.961789579158102,-0.0833716743867916,2.01815947403426,-0.0242362120680817,1.10276148460123
0,-0.549903652417917,-1.09206932581889,0.122311251216309,-0.705444711748813,-0.738669361671239,0.240284519010672,1.22208916349494,1.2589869743105,0.700233521824034,0.35203360287715,-0.511335429595432,-0.503765923974397,-0.00732804753294622,0.741912735065148,0.385335431440858,0.95701840110214,0.490929814531275,-0.156609308225172,-0.0590393120113926,-0.766438002726638,-0.388265627882261,0.653079354560999,0.225332023705195,1.18946748553717,2.12406229138969,2.95043618987669,2.33606831701145,2.40793215329392,0.670544284682781,1.02684301827815
0,-0.824122712633649,-0.033970242540102,0.134864398449575,-0.0995559625474533,-0.316319035043274,0.669507542305472,0.426351365225856,-0.487763145135514,-1.0060630416653,-0.732076037739722,-1.27958358525692,-2.06318027709596,-1.08839452315202,0.081140914028775,0.506352289356949,0.414732101393237,-0.508367174931318,0.246220696855357,0.398421872841562,-0.386808234322145,0.2446302002657,1.41173469857549,1.71571484658862,0.416937762151821,1.06451551350243,0.0363128436709203,-1.10518266378354,-0.878568444044455,-0.461238447383328,0.358672604701219
0,-2.64810807998837,-1.07738002033595,-0.792482366679889,-1.63467411590846,-2.69751680260076,-1.638206111506,0.109399119725797,0.391122048584445,-0.624396336600304,-1.22840123429955,-0.742557522238984,-1.60106788637362,-1.75504078994787,-0.572533519895775,-1.00130743214585,-0.25379116407391,1.53240340320892,0.896105201159752,1.16330015237844,-0.523119391464518,-0.615317112471222,-1.23789490184061,-1.22685754324857,-0.91647771382085,0.00961767149958516,-0.171526912826824,-0.35245041213752,-1.83376807336276,-0.501038704716279,0.614251723761394
0,-1.17241231411694,-0.447238952940062,-1.01503886065657,-0.328973743849306,-0.809665756483479,-0.300612755866041,-1.26707600769244,-1.97067246449236,-1.21258207143874,0.301013859253709,2.15359644606355,0.496647569287032,-0.0285727790367801,-1.0205941770546,0.263390512076467,-0.44838207371742,0.627136538555686,0.792870389258857,-0.00582234321492088,-0.641054260573202,-0.708399013347265,-0.345825246859192,-0.0389874126318799,0.186597282960963,0.286156572311403,0.444333554433517,0.874372970814378,-0.804743693214153,-0.566454873321698,0.0790713402969778
0,1.03123374095223,1.08312821827688,-0.0955915970604005,0.835993403392099,0.352006179633395,-0.327841535931206,-0.575427126595203,0.18829384268496,-1.34373522602524,-2.03259446899062,-1.98018351467657,-0.851074717936337,-1.53680605863635,-0.877760533971975,-0.490218706232555,-0.909273336000607,-1.23503735177199,0.0742143520463798,0.116912895168584,-1.60697747432483,-1.27695700251112,-1.12142354505467,-2.53870451374816,-2.53795517270601,-1.93299752117815,-1.50096082605219,-1.14020596645557,-0.647634315585434,-0.663220216620771,-0.544924581703967
1,-2.42982581655351,-1.55046521282977,-0.527262921793135,2.31390944972634,0.850651102314896,-0.185478308146177,1.29334972064195,1.40054683809576,0.648579628221803,0.258404651901761,0.113059835437223,-0.460578131315409,-0.864170734473037,-2.26597032215207,-0.490256751860493,0.259810741923007,-0.791235225835997,-0.953439749973066,0.324322655559676,0.247120505860312,0.655775783384578,1.67274772160072,0.0709507506037678,0.57505916953784,0.891033672465787,1.85293879733823,0.804481920859115,0.0678061735256243,-0.518714701557125,0.68343408012041
